{"cameraMode":{"drawMode":0,"name":"Shaded","section":"Shading Mode"},"sceneLighting":true,"audioPlay":false,"sceneViewState":{"m_AlwaysRefresh":false,"showFog":true,"showSkybox":true,"showFlares":true,"showImageEffects":true,"showParticleSystems":true,"showVisualEffectGraphs":true,"m_FxEnabled":true},"in2DMode":false,"pivot":{"x":24.308639526367189,"y":57.81548309326172,"z":233.32562255859376},"rotation":{"x":-0.2548409700393677,"y":0.09295455366373062,"z":-0.024651682004332544,"w":-0.9622393846511841},"size":427.4842529296875,"orthographic":false}