{"cameraMode":{"drawMode":0,"name":"Shaded","section":"Shading Mode"},"sceneLighting":false,"audioPlay":false,"sceneViewState":{"m_AlwaysRefresh":false,"showFog":true,"showSkybox":false,"showFlares":true,"showImageEffects":true,"showParticleSystems":true,"showVisualEffectGraphs":true,"m_FxEnabled":true},"in2DMode":false,"pivot":{"x":-0.03999999910593033,"y":0.0687856674194336,"z":-0.10000000149011612},"rotation":{"x":0.22106172144412995,"y":-0.008192547596991063,"z":0.001871120068244636,"w":0.9752700924873352},"size":2.7548272609710695,"orthographic":false}